Author,Year,Title
"Kenneth C. Laudon, Carol G. Traver, Carol Guercio Traver, Carol Traver",2002,E-commerce
Sukumar De,2002,Outlines of Dairy Technology
"Judy Lever-Duffy, Jean B. McDonald, Al P. Mizell",2002,Teaching and learning with technology
Francis Buttle,2003,Customer Relationship Management
Herman T. Tavani,2003,Ethics and technology
"Alan Evans, Alan Evans",2004,Technology in action
Sharon E. Smaldino,2005,Instructional technology and media for learning
Robert McCullough,2006,Mathematics for Computer Technology
M.Gopala Rao,2006,Dryden's Outlines of Chemical Technology for the 21st Century
Kevin Kelly,2010,What technology wants
"Sio-Iong Ao, Haeng Kon Kim, Oscar Castillo, Alan Hoi-shou Chan, Hideki Katagiri",2013,Transactions on Engineering Technologies
"Martti Lehto, Pekka Neittaanmäki",2015,Cyber Security
Arvind Narayanan,2016,Bitcoin and cryptocurrency technologies
"Jennifer Campbell, Barbara Clemens, Steven Freund, Mark Frydenberg, Ralph Hooper",2019,Technology for Success
"Philip Kotler, Hermawan Kartajaya, Iwan Setiawan",2021,Marketing 5. 0
"Chris Miller, Chris Miller",2022,Chip War
